Wall time,Step,Value
1670465461.9321518,224,0.24760761857032776
1670465515.0713716,449,0.2041252851486206
1670465568.3107395,674,0.2582298815250397
1670465611.5032122,899,0.20090356469154358
1670465666.6605716,1124,0.19000843167304993
1670465721.307225,1349,0.19164542853832245
1670465764.9102302,1574,0.23719802498817444
1670465808.9517171,1799,0.23502887785434723
