Wall time,Step,Value
1670465817.9207325,1800,0.16646456718444824
