Wall time,Step,Value
1670465461.9323606,224,0.8812500238418579
1670465515.0715773,449,0.9162499904632568
1670465568.3109672,674,0.9024999737739563
1670465611.5034459,899,0.9287499785423279
1670465666.6607811,1124,0.9337499737739563
1670465721.3074203,1349,0.9312499761581421
1670465764.9104831,1574,0.9437500238418579
1670465808.9519763,1799,0.9337499737739563
