Wall time,Step,Value
1670465817.9212174,1800,0.9465000033378601
